timestamp;phase;state;progress;power_w;energy_kwh;water_m3;program;remaining
2026-08-05T13:56:39;Vorspülen;Run;0;8.0;306.588;184.947;Auto 45-65°;2:20
2026-08-05T13:57:09;Vorspülen;Run;0;5.0;306.588;184.947;Auto 45-65°;2:20
2026-08-05T13:57:39;Vorspülen;Run;1;10.0;306.588;184.947;Auto 45-65°;2:19
2026-08-05T13:58:09;Vorspülen;Run;1;16.0;306.588;184.95;Auto 45-65°;2:19
2026-08-05T13:58:39;Vorspülen;Run;1;26.0;306.588;184.951;Auto 45-65°;2:18
2026-08-05T13:59:09;Vorspülen;Run;1;45.0;306.589;184.951;Auto 45-65°;2:18
2026-08-05T13:59:39;Vorspülen;Run;2;1971.0;306.592;184.951;Auto 45-65°;2:17
2026-08-05T14:00:09;Vorspülen;Run;2;1969.0;306.608;184.951;Auto 45-65°;2:17
2026-08-05T14:00:40;Vorspülen;Run;3;1975.0;306.625;184.951;Auto 45-65°;2:16
2026-08-05T14:01:10;Vorspülen;Run;3;1966.0;306.641;184.951;Auto 45-65°;2:16
2026-08-05T14:01:40;Vorspülen;Run;4;1951.0;306.658;184.951;Auto 45-65°;2:15
2026-08-05T14:02:10;Vorspülen;Run;4;1960.0;306.674;184.951;Auto 45-65°;2:15
2026-08-05T14:02:40;Vorspülen;Run;4;1954.0;306.69;184.951;Auto 45-65°;2:14
2026-08-05T14:03:11;Vorspülen;Run;4;1948.0;306.707;184.951;Auto 45-65°;2:14
2026-08-05T14:03:41;Vorspülen;Run;5;1968.0;306.723;184.951;Auto 45-65°;2:13
2026-08-05T14:04:11;Vorspülen;Run;5;1959.0;306.74;184.951;Auto 45-65°;2:13
2026-08-05T14:04:43;Vorspülen;Run;6;1934.0;306.756;184.951;Auto 45-65°;2:12
2026-08-05T14:05:14;Vorspülen;Run;6;1935.0;306.774;184.951;Auto 45-65°;2:12
2026-08-05T14:05:44;Vorspülen;Run;6;1935.0;306.79;184.951;Auto 45-65°;2:11
2026-08-05T14:06:14;Vorspülen;Run;6;25.0;306.79;184.951;Auto 45-65°;2:11
2026-08-05T14:06:44;Vorspülen;Run;7;24.0;306.791;184.951;Auto 45-65°;2:10
2026-08-05T14:07:14;Vorspülen;Run;7;23.0;306.791;184.951;Auto 45-65°;2:10
2026-08-05T14:07:44;Hauptspülen;Run;8;36.0;306.791;184.951;Auto 45-65°;2:09
2026-08-05T14:08:14;Hauptspülen;Run;8;25.0;306.791;184.951;Auto 45-65°;2:09
2026-08-05T14:08:44;Hauptspülen;Run;9;24.0;306.792;184.951;Auto 45-65°;2:08
2026-08-05T14:09:15;Hauptspülen;Run;9;25.0;306.792;184.951;Auto 45-65°;2:08
2026-08-05T14:09:45;Hauptspülen;Run;9;38.0;306.792;184.951;Auto 45-65°;2:07
2026-08-05T14:10:15;Hauptspülen;Run;10;36.0;306.792;184.951;Auto 45-65°;2:06
2026-08-05T14:10:45;Hauptspülen;Run;10;25.0;306.793;184.951;Auto 45-65°;2:06
2026-08-05T14:11:15;Hauptspülen;Run;11;25.0;306.793;184.951;Auto 45-65°;2:05
2026-08-05T14:11:45;Hauptspülen;Run;11;28.0;306.793;184.951;Auto 45-65°;2:05
2026-08-05T14:12:15;Hauptspülen;Run;11;36.0;306.793;184.951;Auto 45-65°;2:04
2026-08-05T14:12:45;Hauptspülen;Run;11;37.0;306.794;184.951;Auto 45-65°;2:04
2026-08-05T14:13:16;Hauptspülen;Run;12;23.0;306.794;184.951;Auto 45-65°;2:03
2026-08-05T14:13:46;Hauptspülen;Run;12;25.0;306.794;184.951;Auto 45-65°;2:03
2026-08-05T14:14:16;Hauptspülen;Run;13;36.0;306.794;184.951;Auto 45-65°;2:02
2026-08-05T14:14:46;Hauptspülen;Run;13;38.0;306.795;184.951;Auto 45-65°;2:02
2026-08-05T14:15:16;Hauptspülen;Run;13;31.0;306.795;184.951;Auto 45-65°;2:01
2026-08-05T14:15:46;Hauptspülen;Run;14;25.0;306.795;184.951;Auto 45-65°;2:01
2026-08-05T14:16:17;Hauptspülen;Run;14;36.0;306.795;184.951;Auto 45-65°;2:00
2026-08-05T14:16:48;Hauptspülen;Run;14;36.0;306.796;184.951;Auto 45-65°;2:00
2026-08-05T14:17:18;Hauptspülen;Run;15;33.0;306.796;184.951;Auto 45-65°;1:59
2026-08-05T14:17:49;Hauptspülen;Run;15;24.0;306.796;184.951;Auto 45-65°;1:59
2026-08-05T14:18:19;Hauptspülen;Run;16;24.0;306.796;184.951;Auto 45-65°;1:58
2026-08-05T14:18:49;Hauptspülen;Run;16;24.0;306.797;184.951;Auto 45-65°;1:58
2026-08-05T14:19:19;Hauptspülen;Run;16;24.0;306.797;184.951;Auto 45-65°;1:57
2026-08-05T14:19:49;Hauptspülen;Run;16;24.0;306.797;184.951;Auto 45-65°;1:57
2026-08-05T14:20:19;Hauptspülen;Run;17;23.0;306.797;184.951;Auto 45-65°;1:56
2026-08-05T14:20:50;Hauptspülen;Run;17;24.0;306.798;184.951;Auto 45-65°;1:56
2026-08-05T14:21:20;Hauptspülen;Run;18;27.0;306.798;184.951;Auto 45-65°;1:55
2026-08-05T14:21:50;Hauptspülen;Run;18;36.0;306.798;184.951;Auto 45-65°;1:55
2026-08-05T14:22:20;Hauptspülen;Run;19;36.0;306.798;184.951;Auto 45-65°;1:54
2026-08-05T14:22:50;Hauptspülen;Run;19;24.0;306.799;184.951;Auto 45-65°;1:54
2026-08-05T14:23:20;Hauptspülen;Run;19;24.0;306.799;184.951;Auto 45-65°;1:53
2026-08-05T14:23:51;Hauptspülen;Run;19;37.0;306.799;184.951;Auto 45-65°;1:53
2026-08-05T14:24:21;Hauptspülen;Run;20;37.0;306.799;184.951;Auto 45-65°;1:52
2026-08-05T14:24:52;Hauptspülen;Run;20;24.0;306.8;184.951;Auto 45-65°;1:52
2026-08-05T14:25:22;Hauptspülen;Run;21;24.0;306.8;184.951;Auto 45-65°;1:51
2026-08-05T14:25:52;Hauptspülen;Run;21;23.0;306.8;184.951;Auto 45-65°;1:51
2026-08-05T14:26:22;Hauptspülen;Run;21;24.0;306.8;184.951;Auto 45-65°;1:50
2026-08-05T14:26:53;Hauptspülen;Run;21;32.0;306.801;184.952;Auto 45-65°;1:50
2026-08-05T14:27:23;Hauptspülen;Run;22;31.0;306.801;184.954;Auto 45-65°;1:49
2026-08-05T14:27:53;Hauptspülen;Run;22;38.0;306.801;184.954;Auto 45-65°;1:49
2026-08-05T14:28:24;Hauptspülen;Run;23;35.0;306.801;184.954;Auto 45-65°;1:48
2026-08-05T14:28:54;Hauptspülen;Run;23;26.0;306.802;184.954;Auto 45-65°;1:48
2026-08-05T14:29:24;Hauptspülen;Run;24;24.0;306.802;184.954;Auto 45-65°;1:47
2026-08-05T14:29:54;Hauptspülen;Run;24;26.0;306.802;184.954;Auto 45-65°;1:47
2026-08-05T14:30:25;Hauptspülen;Run;24;36.0;306.802;184.954;Auto 45-65°;1:46
2026-08-05T14:30:55;Hauptspülen;Run;24;37.0;306.803;184.954;Auto 45-65°;1:46
2026-08-05T14:31:25;Hauptspülen;Run;25;24.0;306.803;184.954;Auto 45-65°;1:45
2026-08-05T14:31:55;Hauptspülen;Run;25;25.0;306.803;184.954;Auto 45-65°;1:45
2026-08-05T14:32:25;Hauptspülen;Run;26;36.0;306.803;184.954;Auto 45-65°;1:44
2026-08-05T14:32:55;Hauptspülen;Run;26;29.0;306.804;184.954;Auto 45-65°;1:44
2026-08-05T14:33:25;Hauptspülen;Run;26;24.0;306.804;184.954;Auto 45-65°;1:43
2026-08-05T14:33:55;Hauptspülen;Run;26;16.0;306.804;184.954;Auto 45-65°;1:43
2026-08-05T14:34:25;Hauptspülen;Run;27;28.0;306.804;184.954;Auto 45-65°;1:42
2026-08-05T14:34:56;Hauptspülen;Run;27;29.0;306.804;184.954;Auto 45-65°;1:42
2026-08-05T14:35:26;Hauptspülen;Run;28;21.0;306.804;184.954;Auto 45-65°;1:41
2026-08-05T14:35:56;Hauptspülen;Run;28;20.0;306.805;184.954;Auto 45-65°;1:41
2026-08-05T14:36:27;Hauptspülen;Run;29;31.0;306.805;184.954;Auto 45-65°;1:40
2026-08-05T14:36:57;Hauptspülen;Run;29;30.0;306.805;184.954;Auto 45-65°;1:40
2026-08-05T14:37:27;Hauptspülen;Run;29;20.0;306.805;184.954;Auto 45-65°;1:39
2026-08-05T14:37:57;Hauptspülen;Run;29;20.0;306.806;184.954;Auto 45-65°;1:39
2026-08-05T14:38:27;Hauptspülen;Run;30;31.0;306.806;184.954;Auto 45-65°;1:38
2026-08-05T14:38:57;Hauptspülen;Run;30;31.0;306.806;184.954;Auto 45-65°;1:38
2026-08-05T14:39:28;Hauptspülen;Run;31;22.0;306.806;184.954;Auto 45-65°;1:37
2026-08-05T14:39:58;Hauptspülen;Run;31;20.0;306.806;184.954;Auto 45-65°;1:37
2026-08-05T14:40:28;Hauptspülen;Run;31;22.0;306.807;184.954;Auto 45-65°;1:36
2026-08-05T14:40:58;Hauptspülen;Run;31;18.0;306.807;184.954;Auto 45-65°;1:36
2026-08-05T14:41:28;Klarspülen;Run;32;22.0;306.807;184.954;Auto 45-65°;1:35
2026-08-05T14:41:59;Klarspülen;Run;58;12.0;306.807;184.955;Auto 45-65°;0:59
2026-08-05T14:42:29;Klarspülen;Run;58;1937.0;306.82;184.955;Auto 45-65°;0:59
2026-08-05T14:42:59;Klarspülen;Run;58;1929.0;306.836;184.955;Auto 45-65°;0:58
2026-08-05T14:43:29;Klarspülen;Run;58;1933.0;306.852;184.955;Auto 45-65°;0:58
2026-08-05T14:43:59;Klarspülen;Run;58;1909.0;306.868;184.955;Auto 45-65°;0:57
2026-08-05T14:44:29;Klarspülen;Run;58;1904.0;306.884;184.955;Auto 45-65°;0:57
2026-08-05T14:45:00;Klarspülen;Run;60;1904.0;306.9;184.955;Auto 45-65°;0:56
2026-08-05T14:45:30;Klarspülen;Run;60;1906.0;306.916;184.955;Auto 45-65°;0:56
2026-08-05T14:46:00;Klarspülen;Run;61;1903.0;306.932;184.955;Auto 45-65°;0:55
2026-08-05T14:46:30;Klarspülen;Run;61;1898.0;306.948;184.955;Auto 45-65°;0:55
2026-08-05T14:47:00;Klarspülen;Run;61;1900.0;306.964;184.955;Auto 45-65°;0:54
2026-08-05T14:47:30;Klarspülen;Run;61;1901.0;306.98;184.955;Auto 45-65°;0:54
2026-08-05T14:48:00;Klarspülen;Run;62;1896.0;306.995;184.955;Auto 45-65°;0:53
2026-08-05T14:48:31;Klarspülen;Run;62;1901.0;307.011;184.955;Auto 45-65°;0:53
2026-08-05T14:49:01;Klarspülen;Run;63;1896.0;307.028;184.955;Auto 45-65°;0:52
2026-08-05T14:49:31;Klarspülen;Run;63;1878.0;307.043;184.955;Auto 45-65°;0:52
2026-08-05T14:50:02;Klarspülen;Run;64;1875.0;307.059;184.955;Auto 45-65°;0:51
2026-08-05T14:50:32;Klarspülen;Run;64;1877.0;307.075;184.955;Auto 45-65°;0:51
2026-08-05T14:51:02;Klarspülen;Run;64;1876.0;307.091;184.955;Auto 45-65°;0:50
2026-08-05T14:51:32;Klarspülen;Run;64;1873.0;307.106;184.955;Auto 45-65°;0:50
2026-08-05T14:52:02;Klarspülen;Run;65;1868.0;307.122;184.955;Auto 45-65°;0:49
2026-08-05T14:52:33;Klarspülen;Run;65;1873.0;307.138;184.956;Auto 45-65°;0:49
2026-08-05T14:53:03;Klarspülen;Run;66;1870.0;307.154;184.956;Auto 45-65°;0:48
2026-08-05T14:53:33;Klarspülen;Run;66;1862.0;307.169;184.956;Auto 45-65°;0:48
2026-08-05T14:54:04;Klarspülen;Run;66;1860.0;307.185;184.956;Auto 45-65°;0:47
2026-08-05T14:54:34;Klarspülen;Run;66;1857.0;307.201;184.956;Auto 45-65°;0:47
2026-08-05T14:55:04;Klarspülen;Run;67;1855.0;307.216;184.956;Auto 45-65°;0:46
2026-08-05T14:55:34;Klarspülen;Run;67;1854.0;307.232;184.956;Auto 45-65°;0:46
2026-08-05T14:56:04;Klarspülen;Run;68;1851.0;307.247;184.957;Auto 45-65°;0:45
2026-08-05T14:56:34;Klarspülen;Run;68;26.0;307.26;184.957;Auto 45-65°;0:45
2026-08-05T14:57:04;Klarspülen;Run;69;5.0;307.26;184.957;Auto 45-65°;0:44
2026-08-05T14:57:35;Klarspülen;Run;69;27.0;307.26;184.957;Auto 45-65°;0:44
2026-08-05T14:58:05;Klarspülen;Run;69;12.0;307.26;184.957;Auto 45-65°;0:43
2026-08-05T14:58:35;Trocknen;Run;72;6.0;307.26;184.957;Auto 45-65°;0:39
2026-08-05T14:59:05;Trocknen;Run;72;6.0;307.26;184.957;Auto 45-65°;0:39
2026-08-05T14:59:35;Trocknen;Run;73;6.0;307.26;184.957;Auto 45-65°;0:38
2026-08-05T15:00:05;Trocknen;Run;73;6.0;307.26;184.957;Auto 45-65°;0:38
2026-08-05T15:00:36;Trocknen;Run;74;13.0;307.261;184.957;Auto 45-65°;0:37
2026-08-05T15:01:06;Trocknen;Run;74;4.0;307.261;184.957;Auto 45-65°;0:37
2026-08-05T15:01:36;Trocknen;Run;74;9.0;307.261;184.957;Auto 45-65°;0:36
2026-08-05T15:02:06;Trocknen;Run;74;9.0;307.261;184.959;Auto 45-65°;0:36
2026-08-05T15:02:36;Trocknen;Run;75;8.0;307.261;184.961;Auto 45-65°;0:35
2026-08-05T15:03:06;Trocknen;Run;75;5.0;307.261;184.961;Auto 45-65°;0:35
2026-08-05T15:03:37;Trocknen;Run;76;5.0;307.261;184.961;Auto 45-65°;0:34
2026-08-05T15:04:07;Trocknen;Run;76;6.0;307.261;184.961;Auto 45-65°;0:34
2026-08-05T15:04:37;Trocknen;Run;76;8.0;307.261;184.963;Auto 45-65°;0:33
2026-08-05T15:05:08;Trocknen;Run;76;4.0;307.261;184.963;Auto 45-65°;0:33
2026-08-05T15:05:38;Trocknen;Run;77;5.0;307.261;184.963;Auto 45-65°;0:32
2026-08-05T15:06:08;Trocknen;Run;77;8.0;307.261;184.963;Auto 45-65°;0:32
2026-08-05T15:06:39;Trocknen;Run;78;13.0;307.261;184.963;Auto 45-65°;0:31
2026-08-05T15:07:09;Trocknen;Run;78;3.0;307.261;184.963;Auto 45-65°;0:31
2026-08-05T15:07:39;Trocknen;Run;79;4.0;307.261;184.963;Auto 45-65°;0:30
2026-08-05T15:08:09;Trocknen;Run;79;6.0;307.261;184.963;Auto 45-65°;0:30
2026-08-05T15:08:40;Trocknen;Run;79;6.0;307.261;184.963;Auto 45-65°;0:29
2026-08-05T15:09:10;Trocknen;Run;79;6.0;307.261;184.963;Auto 45-65°;0:29
2026-08-05T15:09:41;Trocknen;Run;80;4.0;307.262;184.963;Auto 45-65°;0:28
2026-08-05T15:10:11;Trocknen;Run;80;4.0;307.262;184.963;Auto 45-65°;0:28
2026-08-05T15:10:41;Trocknen;Run;81;4.0;307.262;184.963;Auto 45-65°;0:27
2026-08-05T15:11:11;Trocknen;Run;81;6.0;307.262;184.963;Auto 45-65°;0:27
2026-08-05T15:11:42;Trocknen;Run;81;6.0;307.262;184.963;Auto 45-65°;0:26
2026-08-05T15:12:12;Trocknen;Run;81;8.0;307.262;184.963;Auto 45-65°;0:26
2026-08-05T15:12:43;Trocknen;Run;82;3.0;307.262;184.963;Auto 45-65°;0:25
2026-08-05T15:13:13;Trocknen;Run;82;4.0;307.262;184.963;Auto 45-65°;0:25
2026-08-05T15:13:43;Trocknen;Run;83;8.0;307.262;184.963;Auto 45-65°;0:24
2026-08-05T15:14:13;Trocknen;Run;83;4.0;307.262;184.963;Auto 45-65°;0:24
2026-08-05T15:14:44;Trocknen;Run;84;6.0;307.262;184.964;Auto 45-65°;0:23
2026-08-05T15:15:14;Trocknen;Run;84;5.0;307.262;184.965;Auto 45-65°;0:23
2026-08-05T15:15:44;Trocknen;Run;84;19.0;307.262;184.965;Auto 45-65°;0:22
2026-08-05T15:16:15;Trocknen;Run;84;4.0;307.262;184.965;Auto 45-65°;0:22
2026-08-05T15:16:45;Trocknen;Run;85;6.0;307.262;184.965;Auto 45-65°;0:21
2026-08-05T15:17:15;Trocknen;Run;85;6.0;307.262;184.965;Auto 45-65°;0:21
2026-08-05T15:17:45;Trocknen;Run;86;6.0;307.262;184.965;Auto 45-65°;0:20
2026-08-05T15:18:16;Trocknen;Run;86;6.0;307.262;184.965;Auto 45-65°;0:20
2026-08-05T15:18:46;Trocknen;Run;86;6.0;307.262;184.965;Auto 45-65°;0:19
2026-08-05T15:19:16;Trocknen;Run;86;6.0;307.262;184.965;Auto 45-65°;0:19
2026-08-05T15:19:46;Trocknen;Run;87;13.0;307.262;184.965;Auto 45-65°;0:18
2026-08-05T15:20:16;Trocknen;Run;87;5.0;307.263;184.965;Auto 45-65°;0:18
2026-08-05T15:20:46;Trocknen;Run;88;19.0;307.263;184.965;Auto 45-65°;0:17
2026-08-05T15:21:16;Trocknen;Run;88;6.0;307.263;184.965;Auto 45-65°;0:17
2026-08-05T15:21:47;Trocknen;Run;89;19.0;307.263;184.965;Auto 45-65°;0:16
2026-08-05T15:22:17;Trocknen;Run;89;8.0;307.263;184.966;Auto 45-65°;0:16
2026-08-05T15:22:47;Trocknen;Run;89;13.0;307.263;184.966;Auto 45-65°;0:15
2026-08-05T15:23:17;Trocknen;Run;89;4.0;307.263;184.966;Auto 45-65°;0:15
2026-08-05T15:23:47;Trocknen;Run;90;13.0;307.263;184.966;Auto 45-65°;0:14
2026-08-05T15:24:17;Trocknen;Run;90;4.0;307.263;184.966;Auto 45-65°;0:14
2026-08-05T15:24:47;Trocknen;Run;91;14.0;307.263;184.966;Auto 45-65°;0:13
2026-08-05T15:25:18;Trocknen;Run;91;6.0;307.263;184.966;Auto 45-65°;0:12
2026-08-05T15:25:48;Trocknen;Run;91;6.0;307.263;184.966;Auto 45-65°;0:12
2026-08-05T15:26:18;Trocknen;Run;92;4.0;307.263;184.966;Auto 45-65°;0:11
2026-08-05T15:26:48;Trocknen;Run;92;8.0;307.263;184.966;Auto 45-65°;0:11
2026-08-05T15:27:19;Trocknen;Run;93;6.0;307.263;184.966;Auto 45-65°;0:10
2026-08-05T15:27:49;Trocknen;Run;93;7.0;307.263;184.966;Auto 45-65°;0:10
2026-08-05T15:28:19;Trocknen;Run;93;4.0;307.263;184.966;Auto 45-65°;0:10
2026-08-05T15:28:49;Trocknen;Run;94;5.0;307.263;184.966;Auto 45-65°;0:09
2026-08-05T15:29:20;Trocknen;Run;94;6.0;307.263;184.966;Auto 45-65°;0:08
2026-08-05T15:29:50;Trocknen;Run;94;6.0;307.263;184.966;Auto 45-65°;0:08
2026-08-05T15:30:21;Trocknen;Run;95;6.0;307.264;184.966;Auto 45-65°;0:07
2026-08-05T15:30:51;Trocknen;Run;95;6.0;307.264;184.966;Auto 45-65°;0:07
2026-08-05T15:31:21;Trocknen;Run;96;3.0;307.264;184.966;Auto 45-65°;0:06
2026-08-05T15:31:52;Trocknen;Run;96;6.0;307.264;184.966;Auto 45-65°;0:06
2026-08-05T15:32:22;Trocknen;Run;96;4.0;307.264;184.967;Auto 45-65°;0:05
2026-08-05T15:32:52;Trocknen;Run;96;19.0;307.264;184.967;Auto 45-65°;0:05
2026-08-05T15:33:22;Trocknen;Run;97;6.0;307.264;184.967;Auto 45-65°;0:04
2026-08-05T15:33:53;Trocknen;Run;97;8.0;307.264;184.967;Auto 45-65°;0:04
2026-08-05T15:34:23;Trocknen;Run;98;6.0;307.264;184.967;Auto 45-65°;0:03
2026-08-05T15:34:53;Trocknen;Run;98;4.0;307.264;184.967;Auto 45-65°;0:03
2026-08-05T15:35:23;Trocknen;Run;99;6.0;307.264;184.967;Auto 45-65°;0:02
2026-08-05T15:35:53;Trocknen;Run;99;6.0;307.264;184.967;Auto 45-65°;0:02
2026-08-05T15:36:23;Trocknen;Run;99;5.0;307.264;184.969;Auto 45-65°;0:01
2026-08-05T15:36:53;Trocknen;Run;99;4.0;307.264;184.97;Auto 45-65°;0:01
2026-08-05T15:37:24;Trocknen;Run;99;5.0;307.264;184.971;Auto 45-65°;0:01
2026-08-05T15:37:54;Trocknen;Run;100;9.0;307.264;184.972;Auto 45-65°;0:00
