date;end_time;program;duration_min;energy_forecast;water_forecast;energy_kwh;water_liters;result
2022-09-10T20:30:00;2022-09-10T22:35:00;Auto 45-65°;125.0;66;58;0.8998;10.8;finished
2022-09-16T21:00:00;2022-09-16T22:58:00;Auto 45-65°;118.0;67;61;1.0496;10.1;finished
2022-09-22T20:00:00;2022-09-22T22:52:00;Eco 50°;172.0;53;40;0.7097;8.9;finished
2022-09-28T21:30:00;2022-09-28T23:30:00;Auto 45-65°;120.0;65;63;1.0464;9.0;finished
2022-10-04T20:30:00;2022-10-04T20:57:00;Auto 45-65°;27.0;71;63;0.5235;5.8;aborted
2022-10-10T21:00:00;2022-10-10T23:48:00;Eco 50°;168.0;56;39;0.719;10.0;finished
2022-10-18T20:00:00;2022-10-18T22:02:00;Auto 45-65°;122.0;65;60;0.959;11.2;finished
2022-10-25T21:30:00;2022-10-25T23:28:00;Auto 45-65°;118.0;73;62;0.9524;10.4;finished
2022-11-02T20:30:00;2022-11-02T23:25:00;Eco 50°;175.0;57;41;0.709;9.0;finished
2022-11-08T21:00:00;2022-11-08T23:00:00;Auto 45-65°;120.0;75;62;0.9975;11.4;finished
2022-11-16T20:00:00;2022-11-16T22:05:00;Auto 45-65°;125.0;69;59;0.878;11.6;finished
2022-11-24T21:30:00;2022-11-25T00:08:00;Intensiv 70°;158.0;92;82;1.4457;12.1;finished
2022-12-02T20:30:00;2022-12-02T22:28:00;Auto 45-65°;118.0;69;65;0.9693;10.0;finished
2022-12-10T21:00:00;2022-12-10T23:50:00;Eco 50°;170.0;58;43;0.7207;9.8;finished
2022-12-18T20:00:00;2022-12-18T22:02:00;Auto 45-65°;122.0;68;56;0.8975;10.6;finished
2022-12-24T21:30:00;2022-12-25T00:05:00;Intensiv 70°;155.0;94;88;1.4469;12.1;finished
2023-01-05T20:30:00;2023-01-05T22:30:00;Auto 45-65°;120.0;74;55;1.0307;11.9;finished
2023-01-12T21:00:00;2023-01-12T23:48:00;Eco 50°;168.0;56;47;0.7173;8.9;finished
2023-01-20T20:00:00;2023-01-20T22:05:00;Auto 45-65°;125.0;70;57;0.9058;10.4;finished
2023-01-28T21:30:00;2023-01-28T23:28:00;Auto 45-65°;118.0;66;56;0.9458;9.1;finished
2023-02-05T20:30:00;2023-02-05T21:45:00;Eco 50°;75.0;51;38;0.376;4.6;aborted
2023-02-14T21:00:00;2023-02-14T23:00:00;Auto 45-65°;120.0;66;61;1.0494;10.9;error
2023-02-22T20:00:00;2023-02-22T21:55:00;Auto 45-65°;115.0;68;55;0.8881;11.8;finished
2023-03-04T21:30:00;2023-03-05T00:20:00;Eco 50°;170.0;59;44;0.7903;9.6;finished
2023-03-12T20:30:00;2023-03-12T22:32:00;Auto 45-65°;122.0;72;56;0.9854;11.1;finished
2023-03-20T21:00:00;2023-03-20T22:58:00;Auto 45-65°;118.0;69;59;0.99;10.2;finished
2023-03-28T20:00:00;2023-03-28T22:40:00;Intensiv 70°;160.0;98;87;1.3905;13.6;finished
2023-04-06T21:30:00;2023-04-06T23:30:00;Auto 45-65°;120.0;73;60;0.9442;9.5;finished
2023-04-14T20:30:00;2023-04-14T23:18:00;Eco 50°;168.0;57;46;0.728;9.2;finished
2023-04-22T21:00:00;2023-04-22T23:05:00;Auto 45-65°;125.0;73;56;0.8776;9.1;finished
2023-05-02T20:00:00;2023-05-02T21:58:00;Auto 45-65°;118.0;71;65;1.0083;11.4;finished
2023-05-10T21:30:00;2023-05-11T00:22:00;Eco 50°;172.0;58;47;0.7178;8.2;finished
2023-05-18T20:30:00;2023-05-18T22:30:00;Auto 45-65°;120.0;73;61;0.9072;9.1;finished
2023-05-26T21:00:00;2023-05-26T22:55:00;Auto 45-65°;115.0;73;55;0.9501;11.9;finished
2023-06-04T20:00:00;2023-06-04T22:50:00;Eco 50°;170.0;53;37;0.767;8.8;finished
2023-06-12T21:30:00;2023-06-12T23:32:00;Auto 45-65°;122.0;72;64;1.0862;10.6;finished
2023-06-20T20:30:00;2023-06-20T22:28:00;Auto 45-65°;118.0;66;55;0.9929;10.0;finished
2023-06-28T21:00:00;2023-06-28T23:35:00;Intensiv 70°;155.0;93;87;1.4791;12.0;finished
2023-07-08T20:00:00;2023-07-08T22:00:00;Auto 45-65°;120.0;71;60;0.9841;11.1;finished
2023-07-16T21:30:00;2023-07-17T00:18:00;Eco 50°;168.0;58;44;0.7188;8.5;finished
2023-07-24T20:30:00;2023-07-24T22:35:00;Auto 45-65°;125.0;68;60;0.9638;11.7;finished
2023-08-02T21:00:00;2023-08-02T22:58:00;Auto 45-65°;118.0;74;60;0.8954;10.1;finished
2023-08-10T20:00:00;2023-08-10T22:52:00;Eco 50°;172.0;55;46;0.7602;9.8;finished
2023-08-18T21:30:00;2023-08-18T23:30:00;Auto 45-65°;120.0;73;57;0.8814;11.4;finished
2023-08-26T20:30:00;2023-08-26T22:25:00;Auto 45-65°;115.0;73;64;0.9005;9.0;finished
2023-09-04T21:00:00;2023-09-04T23:50:00;Eco 50°;170.0;59;38;0.7504;9.7;finished
2023-09-12T20:00:00;2023-09-12T22:02:00;Auto 45-65°;122.0;75;59;0.926;10.6;finished
2023-09-20T21:30:00;2023-09-20T23:28:00;Auto 45-65°;118.0;65;65;1.0915;11.6;finished
2023-09-28T20:30:00;2023-09-28T23:08:00;Intensiv 70°;158.0;95;80;1.2355;15.3;finished
2023-10-08T21:00:00;2023-10-08T23:00:00;Auto 45-65°;120.0;70;63;0.9864;10.3;finished
2023-10-16T20:00:00;2023-10-16T22:48:00;Eco 50°;168.0;51;43;0.7496;9.9;finished
2023-10-24T21:30:00;2023-10-24T23:35:00;Auto 45-65°;125.0;67;60;1.0444;9.8;finished
2023-11-02T20:30:00;2023-11-02T22:28:00;Auto 45-65°;118.0;66;56;1.0144;9.6;finished
2023-11-10T21:00:00;2023-11-10T23:52:00;Eco 50°;172.0;55;46;0.6733;9.8;finished
2023-11-18T20:00:00;2023-11-18T22:00:00;Auto 45-65°;120.0;73;61;0.8942;12.0;finished
2023-11-26T21:30:00;2023-11-26T23:25:00;Auto 45-65°;115.0;69;56;0.9229;11.7;finished
2023-12-04T20:30:00;2023-12-04T23:20:00;Eco 50°;170.0;58;38;0.6992;10.0;finished
2023-12-12T21:00:00;2023-12-12T23:02:00;Auto 45-65°;122.0;75;63;0.9282;9.0;finished
2023-12-20T20:00:00;2023-12-20T22:35:00;Intensiv 70°;155.0;95;80;1.3754;15.9;finished
2023-12-28T21:30:00;2023-12-28T23:28:00;Auto 45-65°;118.0;66;65;0.9872;10.1;finished
2024-01-06T20:30:00;2024-01-06T22:30:00;Auto 45-65°;120.0;69;56;0.9258;11.3;finished
2024-01-14T21:00:00;2024-01-14T23:48:00;Eco 50°;168.0;53;42;0.6618;8.5;finished
2024-01-22T20:00:00;2024-01-22T22:05:00;Auto 45-65°;125.0;67;62;1.0369;9.0;finished
2024-01-30T21:30:00;2024-01-30T23:28:00;Auto 45-65°;118.0;69;60;0.9449;10.0;finished
2024-02-08T20:30:00;2024-02-08T23:22:00;Eco 50°;172.0;56;46;0.7709;8.4;finished
2024-02-16T21:00:00;2024-02-16T23:00:00;Auto 45-65°;120.0;75;61;0.8537;11.6;finished
2024-02-24T20:00:00;2024-02-24T21:55:00;Auto 45-65°;115.0;68;56;0.9273;10.2;finished
2024-03-04T21:30:00;2024-03-05T00:20:00;Eco 50°;170.0;60;37;0.7625;8.8;finished
2024-03-12T20:30:00;2024-03-12T22:32:00;Auto 45-65°;122.0;69;58;0.9279;10.8;finished
2024-03-20T21:00:00;2024-03-20T22:58:00;Auto 45-65°;118.0;65;57;1.0864;12.0;finished
2024-03-28T20:00:00;2024-03-28T22:40:00;Intensiv 70°;160.0;93;82;1.3739;14.2;finished
2024-04-06T21:30:00;2024-04-06T23:30:00;Auto 45-65°;120.0;75;63;1.0156;10.2;finished
2024-04-14T20:30:00;2024-04-14T23:18:00;Eco 50°;168.0;51;38;0.7856;8.9;finished
2024-04-22T21:00:00;2024-04-22T23:05:00;Auto 45-65°;125.0;65;62;0.8505;10.7;finished
2024-05-02T20:00:00;2024-05-02T21:58:00;Auto 45-65°;118.0;66;55;0.8912;10.4;finished
2024-05-10T21:30:00;2024-05-11T00:22:00;Eco 50°;172.0;51;43;0.7322;9.2;finished
2024-05-18T20:30:00;2024-05-18T22:30:00;Auto 45-65°;120.0;72;58;0.8933;9.9;finished
2024-05-26T21:00:00;2024-05-26T22:55:00;Auto 45-65°;115.0;70;60;1.0327;9.8;finished
2024-06-04T20:00:00;2024-06-04T22:50:00;Eco 50°;170.0;53;46;0.7526;8.9;finished
2024-06-12T21:30:00;2024-06-12T23:32:00;Auto 45-65°;122.0;67;62;0.9242;11.3;finished
2024-06-20T20:30:00;2024-06-20T22:28:00;Auto 45-65°;118.0;67;62;1.0709;11.9;finished
2024-06-28T21:00:00;2024-06-28T23:35:00;Intensiv 70°;155.0;96;88;1.229;15.8;finished
2024-07-08T20:00:00;2024-07-08T22:00:00;Auto 45-65°;120.0;75;64;1.0616;9.3;finished
2024-07-16T21:30:00;2024-07-17T00:18:00;Eco 50°;168.0;50;37;0.6738;8.1;finished
2024-07-24T20:30:00;2024-07-24T22:35:00;Auto 45-65°;125.0;68;60;0.9463;11.0;finished
2024-08-02T21:00:00;2024-08-02T22:58:00;Auto 45-65°;118.0;69;56;0.9727;10.0;finished
2024-08-10T20:00:00;2024-08-10T22:52:00;Eco 50°;172.0;53;41;0.773;9.0;finished
2024-08-18T21:30:00;2024-08-18T23:30:00;Auto 45-65°;120.0;68;57;1.0351;9.9;finished
2024-08-26T20:30:00;2024-08-26T22:25:00;Auto 45-65°;115.0;73;63;1.0739;9.4;finished
2024-09-04T21:00:00;2024-09-04T23:50:00;Eco 50°;170.0;50;37;0.7925;9.6;finished
2024-09-12T20:00:00;2024-09-12T22:02:00;Auto 45-65°;122.0;74;58;1.036;11.7;finished
2024-09-20T21:30:00;2024-09-20T23:28:00;Auto 45-65°;118.0;66;65;0.9245;10.1;finished
2024-09-28T20:30:00;2024-09-28T23:08:00;Intensiv 70°;158.0;96;86;1.4412;15.2;finished
2024-10-08T21:00:00;2024-10-08T23:00:00;Auto 45-65°;120.0;65;62;0.8848;9.4;finished
2024-10-16T20:00:00;2024-10-16T22:48:00;Eco 50°;168.0;50;42;0.7479;9.3;finished
2024-10-24T21:30:00;2024-10-24T23:35:00;Auto 45-65°;125.0;65;64;0.9166;11.5;finished
2024-11-02T20:30:00;2024-11-02T22:28:00;Auto 45-65°;118.0;66;60;0.8893;10.3;finished
2024-11-10T21:00:00;2024-11-10T23:52:00;Eco 50°;172.0;52;40;0.6981;8.8;finished
2024-11-18T20:00:00;2024-11-18T22:00:00;Auto 45-65°;120.0;74;60;0.8749;12.0;finished
2024-11-26T21:30:00;2024-11-26T23:25:00;Auto 45-65°;115.0;73;61;1.0198;9.8;finished
2024-12-04T20:30:00;2024-12-04T23:20:00;Eco 50°;170.0;55;38;0.7298;9.5;finished
2024-12-12T21:00:00;2024-12-12T23:02:00;Auto 45-65°;122.0;69;61;0.8873;11.9;finished
2024-12-20T20:00:00;2024-12-20T22:35:00;Intensiv 70°;155.0;94;80;1.2263;14.2;finished
2024-12-28T21:30:00;2024-12-28T23:28:00;Auto 45-65°;118.0;75;63;1.0936;9.6;finished
2025-01-06T20:30:00;2025-01-06T22:30:00;Auto 45-65°;120.0;70;59;1.093;10.0;finished
2025-01-14T21:00:00;2025-01-14T23:48:00;Eco 50°;168.0;50;38;0.7415;8.1;finished
2025-01-22T20:00:00;2025-01-22T22:05:00;Auto 45-65°;125.0;65;56;0.9401;10.9;error
2025-01-30T21:30:00;2025-01-30T23:28:00;Auto 45-65°;118.0;69;55;0.9765;10.1;finished
2025-02-08T20:30:00;2025-02-08T23:22:00;Eco 50°;172.0;54;41;0.7474;8.6;finished
2025-02-16T21:00:00;2025-02-16T23:00:00;Auto 45-65°;120.0;69;55;0.9955;9.8;finished
2025-02-24T20:00:00;2025-02-24T21:55:00;Auto 45-65°;115.0;71;56;1.0401;9.4;finished
2025-03-04T21:30:00;2025-03-05T00:20:00;Eco 50°;170.0;58;41;0.7916;9.6;finished
2025-03-12T20:30:00;2025-03-12T22:32:00;Auto 45-65°;122.0;69;56;0.9992;10.5;finished
2025-03-20T21:00:00;2025-03-20T22:58:00;Auto 45-65°;118.0;67;64;0.8774;11.2;finished
2025-03-28T20:00:00;2025-03-28T22:40:00;Intensiv 70°;160.0;95;85;1.4685;15.1;finished
2025-04-02T22:30:00;2025-04-03T00:15:00;Auto 45-65°;105.0;68;57;0.8607;11.1;finished
2025-04-09T22:30:00;2025-04-10T00:30:00;Auto 45-65°;120.0;72;59;0.9607;10.5;finished
2025-04-15T22:30:00;2025-04-16T00:20:00;Auto 45-65°;110.0;68;61;1.064;11.3;finished
2025-04-18T22:30:00;2025-04-19T00:15:00;Auto 45-65°;105.0;66;61;1.0594;11.0;finished
2025-04-20T22:30:00;2025-04-21T00:30:00;Auto 45-65°;120.0;72;65;1.0462;9.6;finished
2025-04-24T22:30:00;2025-04-25T00:10:00;Auto 45-65°;100.0;71;61;1.0756;10.1;finished
2025-05-02T22:30:00;2025-05-03T00:10:00;Auto 45-65°;100.0;65;62;0.9376;9.8;finished
2025-05-08T22:30:00;2025-05-09T00:50:00;Auto 45-65°;140.0;74;58;1.0309;11.4;finished
2025-05-14T22:30:00;2025-05-15T00:30:00;Auto 45-65°;120.0;75;60;1.0277;11.8;finished
2025-05-20T22:30:00;2025-05-21T00:45:00;Auto 45-65°;135.0;71;65;0.8538;11.7;finished
2025-05-28T22:30:00;2025-05-29T00:10:00;Auto 45-65°;100.0;75;56;0.965;10.9;finished
2025-06-06T22:30:00;2025-06-07T00:20:00;Auto 45-65°;110.0;71;57;0.942;11.7;finished
2025-06-12T22:30:00;2025-06-13T00:20:00;Auto 45-65°;110.0;71;55;1.0388;10.4;finished
2025-06-18T22:30:00;2025-06-19T00:30:00;Auto 45-65°;120.0;74;65;0.9274;11.3;finished
2025-06-26T22:30:00;2025-06-27T00:15:00;Auto 45-65°;105.0;67;55;0.9435;11.3;finished
2025-07-06T22:30:00;2025-07-07T00:20:00;Auto 45-65°;110.0;70;58;1.0363;9.4;finished
2025-07-12T22:30:00;2025-07-13T00:30:00;Auto 45-65°;120.0;66;59;1.095;9.6;finished
2025-07-18T22:30:00;2025-07-19T00:10:00;Auto 45-65°;100.0;71;64;0.8796;10.0;finished
2025-07-26T22:30:00;2025-07-27T00:15:00;Auto 45-65°;105.0;75;62;0.8679;9.3;finished
2025-08-02T22:30:00;2025-08-03T00:10:00;Auto 45-65°;100.0;67;56;1.003;9.8;finished
2025-08-10T22:30:00;2025-08-11T00:20:00;Auto 45-65°;110.0;74;63;1.0833;11.6;finished
2025-08-18T22:30:00;2025-08-19T01:00:00;Auto 45-65°;150.0;66;55;1.0563;11.7;finished
2025-08-24T22:30:00;2025-08-25T00:20:00;Auto 45-65°;110.0;72;59;0.9831;11.5;finished
2025-09-02T22:30:00;2025-09-03T00:30:00;Auto 45-65°;120.0;72;63;1.0645;10.0;finished
2025-09-08T22:30:00;2025-09-09T00:10:00;Auto 45-65°;100.0;70;60;0.9716;9.7;finished
2025-09-16T22:30:00;2025-09-17T00:18:00;Auto 45-65°;108.0;71;59;1.011;9.2;finished
2025-09-25T22:30:00;2025-09-26T00:22:00;Auto 45-65°;112.0;66;64;0.9532;10.1;finished
2025-10-06T22:30:00;2025-10-07T00:10:00;Auto 45-65°;100.0;72;59;0.9668;10.1;finished
2025-10-12T22:30:00;2025-10-13T00:50:00;Auto 45-65°;140.0;73;59;0.8509;9.5;finished
2025-10-20T22:30:00;2025-10-21T00:30:00;Auto 45-65°;120.0;75;57;1.0959;10.2;finished
2025-10-24T22:30:00;2025-10-25T00:10:00;Auto 45-65°;100.0;66;60;0.925;10.0;finished
2025-10-30T22:30:00;2025-10-31T00:20:00;Auto 45-65°;110.0;72;65;0.9352;11.9;finished
2025-11-02T22:30:00;2025-11-03T00:10:00;Auto 45-65°;100.0;73;60;0.8586;9.4;finished
2025-11-10T22:30:00;2025-11-11T00:40:00;Auto 45-65°;130.0;73;55;0.9808;9.6;finished
2025-11-18T22:30:00;2025-11-19T00:30:00;Auto 45-65°;120.0;75;64;1.037;11.7;finished
2025-11-26T22:30:00;2025-11-27T00:10:00;Auto 45-65°;100.0;69;62;0.9069;10.4;finished
2025-12-02T22:30:00;2025-12-03T00:20:00;Auto 45-65°;110.0;74;61;1.0063;10.7;finished
2025-12-08T22:30:00;2025-12-09T00:40:00;Auto 45-65°;130.0;70;61;0.9032;10.5;finished
2025-12-12T22:30:00;2025-12-13T00:10:00;Auto 45-65°;100.0;73;57;0.9765;11.7;finished
2025-12-20T22:30:00;2025-12-21T00:25:00;Auto 45-65°;115.0;66;60;1.0705;9.8;finished
2025-12-24T22:30:00;2025-12-25T00:40:00;Auto 45-65°;130.0;69;59;1.0196;9.2;finished
2025-12-27T22:30:00;2025-12-28T01:15:00;Auto 45-65°;165.0;73;62;0.8549;9.5;finished
2025-12-30T22:30:00;2025-12-31T00:50:00;Auto 45-65°;140.0;73;59;0.9815;9.5;finished
2026-01-05T22:30:00;2026-01-06T01:10:00;Auto 45-65°;160.0;73;57;1.0774;11.0;finished
2026-01-12T22:30:00;2026-01-13T00:20:00;Auto 45-65°;110.0;67;60;1.0594;9.8;finished
2026-01-18T22:30:00;2026-01-19T00:15:00;Auto 45-65°;105.0;70;57;0.863;10.8;finished
2026-01-24T22:30:00;2026-01-25T00:25:00;Auto 45-65°;115.0;75;55;0.9847;11.7;finished
2026-01-27T22:30:00;2026-01-28T00:30:00;Auto 45-65°;120.0;75;63;1.0157;9.3;finished
2026-01-31T22:30:00;2026-02-01T00:40:00;Auto 45-65°;130.0;69;64;0.9481;9.6;finished
2026-02-08T22:30:00;2026-02-09T00:10:00;Auto 45-65°;100.0;69;63;1.0702;11.5;finished
2026-04-04T22:30:00;2026-04-05T03:05:00;Max Effizient;275.0;52;41;0.7363;13.0;finished
2026-04-10T22:30:00;2026-04-11T03:05:00;Max Effizient;275.0;52;47;0.7694;13.0;finished
2026-04-16T22:30:00;2026-04-17T03:05:00;Max Effizient;275.0;55;44;0.7628;13.0;finished
2026-04-20T15:30:00;2026-04-20T20:05:00;Max Effizient;275.0;53;44;0.7064;13.0;finished
2026-04-26T13:32:36;2026-04-26T18:07:06;Max Effizient;274.5;55;0;0.743;13.0;finished
2026-05-03T23:30:05;2026-05-04T04:04:47;Max Effizient;274.7;55;42;0.744;13.0;finished
2026-05-10T13:48:59;2026-05-10T18:23:57;Max Effizient;275.0;55;42;0.741;13.0;finished
2026-05-17T14:11:34;2026-05-17T18:46:01;Max Effizient;274.5;55;42;0.766;13.0;finished
2026-05-25T13:54:57;2026-05-25T18:29:05;Max Effizient;274.1;55;42;0.707;13.0;finished
2026-06-01T23:44:23;2026-06-02T04:18:09;Max Effizient;273.8;55;42;0.713;18.0;finished
2026-06-07T22:57:48;2026-06-08T03:45:29;Eco 50°;287.7;49;43;0.775;9.0;finished
2026-06-13T15:19:32;2026-06-13T20:06:57;Eco 50°;287.4;49;43;0.777;9.0;finished
2026-06-19T13:34:32;2026-06-19T18:21:27;Eco 50°;286.9;49;43;0.728;9.0;finished
2026-06-26T13:10:50;2026-06-26T17:57:45;Eco 50°;286.9;49;43;0.711;9.0;finished
2026-07-02T13:51:01;2026-07-02T18:38:17;Eco 50°;287.3;49;43;0.76;9.0;finished
2026-07-09T14:40:22;2026-07-09T19:27:09;Eco 50°;286.8;49;43;0.732;9.0;finished
2026-07-22T13:43:44;2026-07-22T18:30:50;Eco 50°;287.1;49;43;0.746;9.0;finished
2026-07-29T13:29:23;2026-07-29T15:11:14;Auto 45-65°;101.9;57;54;0.698;18.0;finished
